Time Window,Focus (Temporal),Focus (Spatial),LA1,LA2,LA3,LMH1,LMH2,LMH3,RA1,RA3,RMH1,RMH2,RMH3,LA1-LA2,LA2-LA3,LA3-LA4,LMH1-LMH2,LMH2-LMH3,LMH3-LMH4,RA1-RA3,RA3-RA4,RMH1-RMH2,RMH2-RMH3,RMH3-RMH4
0.0 - 0.25,0.12,RA1-RA3,,,,,,,,,,,,,,,,,,AUTO_DETECT_MULTI,,,,
0.75 - 1.0,0.88,LA1,AUTO_DETECT_MULTI,AUTO_DETECT_MULTI,AUTO_DETECT_MULTI,,AUTO_DETECT_MULTI,AUTO_DETECT_MULTI,AUTO_DETECT_MULTI,AUTO_DETECT_MULTI,AUTO_DETECT_MULTI,AUTO_DETECT_MULTI,AUTO_DETECT_MULTI,AUTO_DETECT_MULTI,AUTO_DETECT_MULTI,AUTO_DETECT_MULTI,AUTO_DETECT_MULTI,,AUTO_DETECT_MULTI,AUTO_DETECT_MULTI,AUTO_DETECT_MULTI,AUTO_DETECT_MULTI,AUTO_DETECT_MULTI,AUTO_DETECT_MULTI
1.0 - 1.25,1.12,RMH1,,,,,,,,,AUTO_DETECT_MULTI,,,,,,,,,,,AUTO_DETECT_MULTI,,
1.25 - 1.5,1.38,RMH2,,,,,,,,,,AUTO_DETECT_MULTI,,,,,,,,,,,,
2.75 - 3.0,2.88,RA3,,,,,,,,AUTO_DETECT_MULTI,,,,,,,,,,,AUTO_DETECT_MULTI,,,AUTO_DETECT_MULTI
4.25 - 4.5,4.38,LMH1,,,,AUTO_DETECT_MULTI,,,,,,,,,,,,,,,,,,
4.5 - 4.75,4.62,RMH2,,,,,,,,,,AUTO_DETECT_MULTI,,,,,,,,,,,AUTO_DETECT_MULTI,
4.75 - 5.0,4.88,RMH2,,,,,,,,,,AUTO_DETECT_MULTI,,,,,,,,,,,AUTO_DETECT_MULTI,
5.5 - 5.75,5.62,RA1,,,,,,,AUTO_DETECT_MULTI,AUTO_DETECT_MULTI,AUTO_DETECT_MULTI,,AUTO_DETECT_MULTI,,,,,,,AUTO_DETECT_MULTI,AUTO_DETECT_MULTI,AUTO_DETECT_MULTI,,
5.75 - 6.0,5.88,LA1,AUTO_DETECT_MULTI,AUTO_DETECT_MULTI,AUTO_DETECT_MULTI,AUTO_DETECT_MULTI,AUTO_DETECT_MULTI,AUTO_DETECT_MULTI,AUTO_DETECT_MULTI,AUTO_DETECT_MULTI,AUTO_DETECT_MULTI,AUTO_DETECT_MULTI,,AUTO_DETECT_MULTI,AUTO_DETECT_MULTI,AUTO_DETECT_MULTI,,AUTO_DETECT_MULTI,AUTO_DETECT_MULTI,AUTO_DETECT_MULTI,AUTO_DETECT_MULTI,AUTO_DETECT_MULTI,AUTO_DETECT_MULTI,
8.0 - 8.25,8.12,RA1,,,,,,,AUTO_DETECT_MULTI,AUTO_DETECT_MULTI,AUTO_DETECT_MULTI,,,,,,,,,,AUTO_DETECT_MULTI,,,
11.0 - 11.25,11.12,LA1,AUTO_DETECT_MULTI,AUTO_DETECT_MULTI,,,,,,,,,,AUTO_DETECT_MULTI,,,,,,AUTO_DETECT_MULTI,,AUTO_DETECT_MULTI,,
12.5 - 12.75,12.62,RA1,,,,,,,AUTO_DETECT_MULTI,,,,,,,,,,,AUTO_DETECT_MULTI,,,,
12.75 - 13.0,12.88,RA1,,,,,,,AUTO_DETECT_MULTI,AUTO_DETECT_MULTI,AUTO_DETECT_MULTI,AUTO_DETECT_MULTI,AUTO_DETECT_MULTI,,AUTO_DETECT_MULTI,,,,,AUTO_DETECT_MULTI,AUTO_DETECT_MULTI,AUTO_DETECT_MULTI,AUTO_DETECT_MULTI,AUTO_DETECT_MULTI
13.5 - 13.75,13.62,RA3,,,,,,,,AUTO_DETECT_MULTI,AUTO_DETECT_MULTI,AUTO_DETECT_MULTI,,,,,,,,,AUTO_DETECT_MULTI,AUTO_DETECT_MULTI,AUTO_DETECT_MULTI,
13.75 - 14.0,13.88,LA2,,AUTO_DETECT_MULTI,,,,,,,,,,,,,,,,,,,,
14.5 - 14.75,14.62,LMH2,,,,,AUTO_DETECT_MULTI,,,,,,,,,,,,,,,,,
17.5 - 17.75,17.62,RA1,,,,,,,AUTO_DETECT_MULTI,AUTO_DETECT_MULTI,AUTO_DETECT_MULTI,,,,,,,,,AUTO_DETECT_MULTI,AUTO_DETECT_MULTI,,,
17.75 - 18.0,17.88,RA3-RA4,,,,,,,,,,,,,,,,,,,AUTO_DETECT_MULTI,,,
19.5 - 19.75,19.62,RA1,,,,,,,AUTO_DETECT_MULTI,AUTO_DETECT_MULTI,AUTO_DETECT_MULTI,AUTO_DETECT_MULTI,,,,,,,,AUTO_DETECT_MULTI,AUTO_DETECT_MULTI,,AUTO_DETECT_MULTI,
20.0 - 20.25,20.12,RMH2,,,,,,,,,,AUTO_DETECT_MULTI,,,,,,,,,,,,
21.5 - 21.75,21.62,RMH1-RMH2,,,,,,,,,,,,,,,,,,,,AUTO_DETECT_MULTI,,
22.75 - 23.0,22.88,RA3,,,,,,,,AUTO_DETECT_MULTI,,,,,,,,,,,AUTO_DETECT_MULTI,,,
23.0 - 23.25,23.12,LA3,,,AUTO_DETECT_MULTI,,,AUTO_DETECT_MULTI,AUTO_DETECT_MULTI,AUTO_DETECT_MULTI,AUTO_DETECT_MULTI,AUTO_DETECT_MULTI,AUTO_DETECT_MULTI,AUTO_DETECT_MULTI,AUTO_DETECT_MULTI,AUTO_DETECT_MULTI,,,AUTO_DETECT_MULTI,AUTO_DETECT_MULTI,AUTO_DETECT_MULTI,AUTO_DETECT_MULTI,AUTO_DETECT_MULTI,AUTO_DETECT_MULTI
23.25 - 23.5,23.38,LA1,AUTO_DETECT_MULTI,AUTO_DETECT_MULTI,AUTO_DETECT_MULTI,,AUTO_DETECT_MULTI,AUTO_DETECT_MULTI,AUTO_DETECT_MULTI,AUTO_DETECT_MULTI,AUTO_DETECT_MULTI,AUTO_DETECT_MULTI,AUTO_DETECT_MULTI,AUTO_DETECT_MULTI,AUTO_DETECT_MULTI,AUTO_DETECT_MULTI,AUTO_DETECT_MULTI,AUTO_DETECT_MULTI,AUTO_DETECT_MULTI,AUTO_DETECT_MULTI,AUTO_DETECT_MULTI,AUTO_DETECT_MULTI,AUTO_DETECT_MULTI,AUTO_DETECT_MULTI
23.5 - 23.75,23.62,RA3,,,,,,,,AUTO_DETECT_MULTI,,,,,,,,,,,,,,
23.75 - 24.0,23.88,RMH1,,,,,,,,,AUTO_DETECT_MULTI,AUTO_DETECT_MULTI,,,AUTO_DETECT_MULTI,AUTO_DETECT_MULTI,,,,,,AUTO_DETECT_MULTI,AUTO_DETECT_MULTI,
25.25 - 25.5,25.38,RMH1,,,,,,,,,AUTO_DETECT_MULTI,AUTO_DETECT_MULTI,AUTO_DETECT_MULTI,,AUTO_DETECT_MULTI,AUTO_DETECT_MULTI,,,AUTO_DETECT_MULTI,,,AUTO_DETECT_MULTI,AUTO_DETECT_MULTI,AUTO_DETECT_MULTI
25.5 - 25.75,25.62,RA1,,,,,,,AUTO_DETECT_MULTI,AUTO_DETECT_MULTI,AUTO_DETECT_MULTI,,,,,,,,,,AUTO_DETECT_MULTI,AUTO_DETECT_MULTI,,
26.25 - 26.5,26.38,RA1,,,,,,,AUTO_DETECT_MULTI,AUTO_DETECT_MULTI,,,,,,,,,,,AUTO_DETECT_MULTI,,,
27.0 - 27.25,27.12,RMH2-RMH3,,,,,,,,,,,,,,,,,,,,,AUTO_DETECT_MULTI,
28.25 - 28.5,28.38,LMH3,,,,,,AUTO_DETECT_MULTI,,,,,,,,,,,,,,,,
29.0 - 29.25,29.12,RA1,,,,,,,AUTO_DETECT_MULTI,,,,,,,,,,,,,,,
30.0 - 30.25,30.12,RA3,,,,,,,,AUTO_DETECT_MULTI,,,,,,,,,,,AUTO_DETECT_MULTI,,,
34.75 - 35.0,34.88,RA1-RA3,,,,,,,,,,,,,,,,,,AUTO_DETECT_MULTI,,,,
35.25 - 35.5,35.38,RA3,,,,,,,,AUTO_DETECT_MULTI,,,,,,,,,,,AUTO_DETECT_MULTI,AUTO_DETECT_MULTI,,
36.25 - 36.5,36.38,RA1-RA3,,,,,,,,,,,,,,,,,,AUTO_DETECT_MULTI,,,,
36.75 - 37.0,36.88,LA2,,AUTO_DETECT_MULTI,AUTO_DETECT_MULTI,,AUTO_DETECT_MULTI,AUTO_DETECT_MULTI,AUTO_DETECT_MULTI,AUTO_DETECT_MULTI,AUTO_DETECT_MULTI,AUTO_DETECT_MULTI,AUTO_DETECT_MULTI,AUTO_DETECT_MULTI,AUTO_DETECT_MULTI,AUTO_DETECT_MULTI,,AUTO_DETECT_MULTI,AUTO_DETECT_MULTI,AUTO_DETECT_MULTI,AUTO_DETECT_MULTI,AUTO_DETECT_MULTI,AUTO_DETECT_MULTI,AUTO_DETECT_MULTI
37.25 - 37.5,37.38,RMH1,,,,,,,,,AUTO_DETECT_MULTI,AUTO_DETECT_MULTI,AUTO_DETECT_MULTI,,,,,,,,,AUTO_DETECT_MULTI,AUTO_DETECT_MULTI,
37.5 - 37.75,37.62,LA3,,,AUTO_DETECT_MULTI,,,AUTO_DETECT_MULTI,,AUTO_DETECT_MULTI,AUTO_DETECT_MULTI,AUTO_DETECT_MULTI,,AUTO_DETECT_MULTI,AUTO_DETECT_MULTI,AUTO_DETECT_MULTI,,,AUTO_DETECT_MULTI,,AUTO_DETECT_MULTI,AUTO_DETECT_MULTI,AUTO_DETECT_MULTI,
37.75 - 38.0,37.88,RMH2,,,,,,,,,,AUTO_DETECT_MULTI,AUTO_DETECT_MULTI,,,,,,,,,AUTO_DETECT_MULTI,AUTO_DETECT_MULTI,AUTO_DETECT_MULTI
39.0 - 39.25,39.12,RA1-RA3,,,,,,,,,,,,,,,,,,AUTO_DETECT_MULTI,,,,
39.25 - 39.5,39.38,RA1,,,,,,,AUTO_DETECT_MULTI,,,,,,,,,,,AUTO_DETECT_MULTI,,,,
40.25 - 40.5,40.38,RA1,,,,,,,AUTO_DETECT_MULTI,AUTO_DETECT_MULTI,,,,,,,,,,AUTO_DETECT_MULTI,AUTO_DETECT_MULTI,,AUTO_DETECT_MULTI,
40.5 - 40.75,40.62,RA1,,,,,,,AUTO_DETECT_MULTI,AUTO_DETECT_MULTI,AUTO_DETECT_MULTI,AUTO_DETECT_MULTI,,,,,,,,AUTO_DETECT_MULTI,AUTO_DETECT_MULTI,AUTO_DETECT_MULTI,,
43.25 - 43.5,43.38,LA1-LA2,,,,,,,,,,,,AUTO_DETECT_MULTI,,,,,,AUTO_DETECT_MULTI,,AUTO_DETECT_MULTI,,
43.5 - 43.75,43.62,RA1,,,,,,,AUTO_DETECT_MULTI,AUTO_DETECT_MULTI,,,,,,,,,,AUTO_DETECT_MULTI,AUTO_DETECT_MULTI,,,
45.25 - 45.5,45.38,RA1,,,,,,,AUTO_DETECT_MULTI,AUTO_DETECT_MULTI,,,,,,,,,,AUTO_DETECT_MULTI,AUTO_DETECT_MULTI,,,
45.5 - 45.75,45.62,LA1,AUTO_DETECT_MULTI,,,,AUTO_DETECT_MULTI,,,,,,,,,,,,,,,,,
47.0 - 47.25,47.12,RA3-RA4,,,,,,,,,,,,,,,,,,,AUTO_DETECT_MULTI,,,
48.0 - 48.25,48.12,RA1,,,,,,,AUTO_DETECT_MULTI,AUTO_DETECT_MULTI,AUTO_DETECT_MULTI,,,,,,,,,AUTO_DETECT_MULTI,AUTO_DETECT_MULTI,AUTO_DETECT_MULTI,AUTO_DETECT_MULTI,AUTO_DETECT_MULTI
49.75 - 50.0,49.88,RA1,,,,,,,AUTO_DETECT_MULTI,AUTO_DETECT_MULTI,,,,,,,,,,AUTO_DETECT_MULTI,AUTO_DETECT_MULTI,AUTO_DETECT_MULTI,,
51.0 - 51.25,51.12,LA1,AUTO_DETECT_MULTI,,,,,,,,,,,,,,,,,,,,,
52.25 - 52.5,52.38,RA1,,,,,,,AUTO_DETECT_MULTI,,,,,,,,,,,,,,,
54.25 - 54.5,54.38,RA1,,,,,,,AUTO_DETECT_MULTI,,,,,,,,,,,,,AUTO_DETECT_MULTI,,
55.25 - 55.5,55.38,RA1,,,,,,,AUTO_DETECT_MULTI,AUTO_DETECT_MULTI,AUTO_DETECT_MULTI,AUTO_DETECT_MULTI,,,,,,,,AUTO_DETECT_MULTI,AUTO_DETECT_MULTI,AUTO_DETECT_MULTI,AUTO_DETECT_MULTI,AUTO_DETECT_MULTI
56.25 - 56.5,56.38,RA3,,,,,,,,AUTO_DETECT_MULTI,,,,,,,,,,,AUTO_DETECT_MULTI,,,
58.0 - 58.25,58.12,RA1,,,,,,,AUTO_DETECT_MULTI,AUTO_DETECT_MULTI,AUTO_DETECT_MULTI,AUTO_DETECT_MULTI,,,,,,,,AUTO_DETECT_MULTI,AUTO_DETECT_MULTI,AUTO_DETECT_MULTI,,
58.5 - 58.75,58.62,RA1,,,,,,,AUTO_DETECT_MULTI,AUTO_DETECT_MULTI,,,,,,,,,,,AUTO_DETECT_MULTI,,,
59.25 - 59.5,59.38,LA3,,,AUTO_DETECT_MULTI,,,,,AUTO_DETECT_MULTI,AUTO_DETECT_MULTI,AUTO_DETECT_MULTI,AUTO_DETECT_MULTI,,,,,,,AUTO_DETECT_MULTI,AUTO_DETECT_MULTI,AUTO_DETECT_MULTI,AUTO_DETECT_MULTI,AUTO_DETECT_MULTI
59.5 - 59.75,59.62,RA3,,,,,,,,AUTO_DETECT_MULTI,AUTO_DETECT_MULTI,AUTO_DETECT_MULTI,AUTO_DETECT_MULTI,,,AUTO_DETECT_MULTI,,,,,AUTO_DETECT_MULTI,AUTO_DETECT_MULTI,AUTO_DETECT_MULTI,AUTO_DETECT_MULTI
60.0 - 60.25,60.12,RA1,,,,,,,AUTO_DETECT_MULTI,AUTO_DETECT_MULTI,AUTO_DETECT_MULTI,,,,,,,,,,AUTO_DETECT_MULTI,AUTO_DETECT_MULTI,,
60.75 - 61.0,60.88,LA3-LA4,,,,,,,,,,,,,,AUTO_DETECT_MULTI,,,,,,,,
61.0 - 61.25,61.12,RA1,,,,,,,AUTO_DETECT_MULTI,AUTO_DETECT_MULTI,,,,,,,,,,,AUTO_DETECT_MULTI,,,
61.25 - 61.5,61.38,LA2,,AUTO_DETECT_MULTI,AUTO_DETECT_MULTI,,,AUTO_DETECT_MULTI,AUTO_DETECT_MULTI,AUTO_DETECT_MULTI,AUTO_DETECT_MULTI,AUTO_DETECT_MULTI,AUTO_DETECT_MULTI,AUTO_DETECT_MULTI,AUTO_DETECT_MULTI,AUTO_DETECT_MULTI,,,AUTO_DETECT_MULTI,AUTO_DETECT_MULTI,AUTO_DETECT_MULTI,AUTO_DETECT_MULTI,AUTO_DETECT_MULTI,AUTO_DETECT_MULTI
61.5 - 61.75,61.62,RA1,,,,,,,AUTO_DETECT_MULTI,,AUTO_DETECT_MULTI,,,,,,,,,,,AUTO_DETECT_MULTI,,
62.5 - 62.75,62.62,RMH1,,,,,,,,,AUTO_DETECT_MULTI,,,,,,,,AUTO_DETECT_MULTI,,,AUTO_DETECT_MULTI,,
62.75 - 63.0,62.88,RMH2,,,,,,,,,,AUTO_DETECT_MULTI,,,,,,,,AUTO_DETECT_MULTI,,,AUTO_DETECT_MULTI,
63.5 - 63.75,63.62,RA3,,,,,,,,AUTO_DETECT_MULTI,,,,,,,,,,,AUTO_DETECT_MULTI,,,
70.0 - 70.25,70.12,LMH2,,,,,AUTO_DETECT_MULTI,AUTO_DETECT_MULTI,AUTO_DETECT_MULTI,AUTO_DETECT_MULTI,AUTO_DETECT_MULTI,,,,,,,,,AUTO_DETECT_MULTI,AUTO_DETECT_MULTI,AUTO_DETECT_MULTI,AUTO_DETECT_MULTI,AUTO_DETECT_MULTI
70.25 - 70.5,70.38,RMH2,,,,,,,,,,AUTO_DETECT_MULTI,,,,,,,,,,,AUTO_DETECT_MULTI,
71.25 - 71.5,71.38,RMH1,,,,,,,,,AUTO_DETECT_MULTI,AUTO_DETECT_MULTI,,,,,,,,,,,,
71.75 - 72.0,71.88,RA1,,,,,,,AUTO_DETECT_MULTI,AUTO_DETECT_MULTI,,,,,,,,AUTO_DETECT_MULTI,,AUTO_DETECT_MULTI,AUTO_DETECT_MULTI,AUTO_DETECT_MULTI,,
72.0 - 72.25,72.12,RA1,,,,,,,AUTO_DETECT_MULTI,,,,,,,,,,,,,,,
79.0 - 79.25,79.12,LA1,AUTO_DETECT_MULTI,,,,,,,,,,,AUTO_DETECT_MULTI,,,,,,,,,,
79.5 - 79.75,79.62,RMH1,,,,,,,,,AUTO_DETECT_MULTI,AUTO_DETECT_MULTI,,,,,,,,,,,,
80.25 - 80.5,80.38,RA1,,,,,,,AUTO_DETECT_MULTI,AUTO_DETECT_MULTI,AUTO_DETECT_MULTI,,,,,,,,,,AUTO_DETECT_MULTI,,,
80.75 - 81.0,80.88,RA1,,,,,,,AUTO_DETECT_MULTI,,AUTO_DETECT_MULTI,,,,,,,,,,,,,
81.5 - 81.75,81.62,LA3,,,AUTO_DETECT_MULTI,,,AUTO_DETECT_MULTI,AUTO_DETECT_MULTI,AUTO_DETECT_MULTI,AUTO_DETECT_MULTI,AUTO_DETECT_MULTI,AUTO_DETECT_MULTI,AUTO_DETECT_MULTI,AUTO_DETECT_MULTI,AUTO_DETECT_MULTI,,AUTO_DETECT_MULTI,AUTO_DETECT_MULTI,AUTO_DETECT_MULTI,AUTO_DETECT_MULTI,AUTO_DETECT_MULTI,AUTO_DETECT_MULTI,AUTO_DETECT_MULTI
84.0 - 84.25,84.12,RA1,,,,,,,AUTO_DETECT_MULTI,AUTO_DETECT_MULTI,AUTO_DETECT_MULTI,,,,,,,,,,AUTO_DETECT_MULTI,AUTO_DETECT_MULTI,,
85.25 - 85.5,85.38,RA1-RA3,,,,,,,,,,,,,,,,,,AUTO_DETECT_MULTI,,,,
85.5 - 85.75,85.62,RA1,,,,,,,AUTO_DETECT_MULTI,,,,,,,,,,,,,,,
86.25 - 86.5,86.38,LA1,AUTO_DETECT_MULTI,AUTO_DETECT_MULTI,,,,,AUTO_DETECT_MULTI,AUTO_DETECT_MULTI,AUTO_DETECT_MULTI,,,AUTO_DETECT_MULTI,AUTO_DETECT_MULTI,,,,,AUTO_DETECT_MULTI,AUTO_DETECT_MULTI,AUTO_DETECT_MULTI,,
86.5 - 86.75,86.62,RMH1,,,,,,,,,AUTO_DETECT_MULTI,,,,,,,,,,,,,
89.5 - 89.75,89.62,RA1-RA3,,,,,,,,,,,,,,,,,,AUTO_DETECT_MULTI,,,,
89.75 - 90.0,89.88,RA1,,,,,,,AUTO_DETECT_MULTI,AUTO_DETECT_MULTI,AUTO_DETECT_MULTI,AUTO_DETECT_MULTI,,,AUTO_DETECT_MULTI,,,,AUTO_DETECT_MULTI,AUTO_DETECT_MULTI,AUTO_DETECT_MULTI,AUTO_DETECT_MULTI,AUTO_DETECT_MULTI,
90.5 - 90.75,90.62,RA1,,,,,,,AUTO_DETECT_MULTI,,,,,,,,,,,,,,,
91.0 - 91.25,91.12,LMH3,,,,,,AUTO_DETECT_MULTI,AUTO_DETECT_MULTI,AUTO_DETECT_MULTI,AUTO_DETECT_MULTI,AUTO_DETECT_MULTI,AUTO_DETECT_MULTI,,AUTO_DETECT_MULTI,AUTO_DETECT_MULTI,,,AUTO_DETECT_MULTI,AUTO_DETECT_MULTI,AUTO_DETECT_MULTI,AUTO_DETECT_MULTI,AUTO_DETECT_MULTI,AUTO_DETECT_MULTI
91.25 - 91.5,91.38,RMH2,,,,,,,,,,AUTO_DETECT_MULTI,,,,,,,,,,,AUTO_DETECT_MULTI,
91.75 - 92.0,91.88,RA3,,,,,,,,AUTO_DETECT_MULTI,,,,,,,,,,AUTO_DETECT_MULTI,AUTO_DETECT_MULTI,AUTO_DETECT_MULTI,,
92.5 - 92.75,92.62,LMH3-LMH4,,,,,,,,,,,,,,,,,AUTO_DETECT_MULTI,,,,,
93.0 - 93.25,93.12,RMH3-RMH4,,,,,,,,,,,,,,,,,,,,,,AUTO_DETECT_MULTI
93.5 - 93.75,93.62,RA3,,,,,,,,AUTO_DETECT_MULTI,,,,,,,,,,,AUTO_DETECT_MULTI,,,AUTO_DETECT_MULTI
93.75 - 94.0,93.88,LA1,AUTO_DETECT_MULTI,AUTO_DETECT_MULTI,AUTO_DETECT_MULTI,,AUTO_DETECT_MULTI,AUTO_DETECT_MULTI,AUTO_DETECT_MULTI,AUTO_DETECT_MULTI,AUTO_DETECT_MULTI,AUTO_DETECT_MULTI,AUTO_DETECT_MULTI,AUTO_DETECT_MULTI,AUTO_DETECT_MULTI,AUTO_DETECT_MULTI,AUTO_DETECT_MULTI,,AUTO_DETECT_MULTI,AUTO_DETECT_MULTI,AUTO_DETECT_MULTI,AUTO_DETECT_MULTI,AUTO_DETECT_MULTI,AUTO_DETECT_MULTI
94.0 - 94.25,94.12,RMH1,,,,,,,,,AUTO_DETECT_MULTI,AUTO_DETECT_MULTI,,,,,,,,,,,AUTO_DETECT_MULTI,
94.25 - 94.5,94.38,RMH1,,,,,,,,,AUTO_DETECT_MULTI,AUTO_DETECT_MULTI,AUTO_DETECT_MULTI,,,AUTO_DETECT_MULTI,,,,,,AUTO_DETECT_MULTI,AUTO_DETECT_MULTI,AUTO_DETECT_MULTI
94.5 - 94.75,94.62,RA3,,,,,,,,AUTO_DETECT_MULTI,AUTO_DETECT_MULTI,AUTO_DETECT_MULTI,AUTO_DETECT_MULTI,,,,,,,AUTO_DETECT_MULTI,AUTO_DETECT_MULTI,AUTO_DETECT_MULTI,AUTO_DETECT_MULTI,AUTO_DETECT_MULTI
95.25 - 95.5,95.38,RMH3,,,,,,,,,,,AUTO_DETECT_MULTI,,,,,,,,,,,
95.75 - 96.0,95.88,LA3-LA4,,,,,,,,,,,,,,AUTO_DETECT_MULTI,,,AUTO_DETECT_MULTI,,,,,
97.5 - 97.75,97.62,RA1,,,,,,,AUTO_DETECT_MULTI,AUTO_DETECT_MULTI,AUTO_DETECT_MULTI,AUTO_DETECT_MULTI,AUTO_DETECT_MULTI,,,,,,,AUTO_DETECT_MULTI,AUTO_DETECT_MULTI,AUTO_DETECT_MULTI,AUTO_DETECT_MULTI,AUTO_DETECT_MULTI
98.25 - 98.5,98.38,RA1,,,,,,,AUTO_DETECT_MULTI,AUTO_DETECT_MULTI,AUTO_DETECT_MULTI,AUTO_DETECT_MULTI,AUTO_DETECT_MULTI,,,,,,,AUTO_DETECT_MULTI,AUTO_DETECT_MULTI,AUTO_DETECT_MULTI,AUTO_DETECT_MULTI,AUTO_DETECT_MULTI
98.5 - 98.75,98.62,RA1-RA3,,,,,,,,,,,,,,,,,,AUTO_DETECT_MULTI,,,,
98.75 - 99.0,98.88,RA1,,,,,,,AUTO_DETECT_MULTI,AUTO_DETECT_MULTI,,,,,,,,,,,AUTO_DETECT_MULTI,AUTO_DETECT_MULTI,,
99.25 - 99.5,99.38,RA3,,,,,,,,AUTO_DETECT_MULTI,AUTO_DETECT_MULTI,AUTO_DETECT_MULTI,AUTO_DETECT_MULTI,,,,,,,,AUTO_DETECT_MULTI,AUTO_DETECT_MULTI,AUTO_DETECT_MULTI,AUTO_DETECT_MULTI
99.5 - 99.75,99.62,RA3,,,,,,,,AUTO_DETECT_MULTI,,AUTO_DETECT_MULTI,AUTO_DETECT_MULTI,,,,,,,AUTO_DETECT_MULTI,AUTO_DETECT_MULTI,AUTO_DETECT_MULTI,,AUTO_DETECT_MULTI
99.75 - 100.0,99.88,RMH2-RMH3,,,,,,,,,,,,,,,,,,,,,AUTO_DETECT_MULTI,AUTO_DETECT_MULTI
100.5 - 100.75,100.62,LMH3,,,,,,AUTO_DETECT_MULTI,,,,,,,,,,,,,,,,
100.75 - 101.0,100.88,LMH3,,,,,,AUTO_DETECT_MULTI,,,,,,,,,,,,,,,,
103.75 - 104.0,103.88,RA1,,,,,,,AUTO_DETECT_MULTI,AUTO_DETECT_MULTI,,,,,,,,,,AUTO_DETECT_MULTI,AUTO_DETECT_MULTI,,,
104.25 - 104.5,104.38,RA1,,,,,,,AUTO_DETECT_MULTI,AUTO_DETECT_MULTI,AUTO_DETECT_MULTI,AUTO_DETECT_MULTI,AUTO_DETECT_MULTI,,,,,,,,AUTO_DETECT_MULTI,AUTO_DETECT_MULTI,,
104.5 - 104.75,104.62,RMH1,,,,,,,,,AUTO_DETECT_MULTI,,,,,,,,,,,,AUTO_DETECT_MULTI,
105.0 - 105.25,105.12,RA1,,,,,,,AUTO_DETECT_MULTI,,,,,,,,,,,AUTO_DETECT_MULTI,,,,
105.75 - 106.0,105.88,RA3,,,,,,,,AUTO_DETECT_MULTI,,,,,,,,,,,AUTO_DETECT_MULTI,,,
106.25 - 106.5,106.38,RMH2-RMH3,,,,,,,,,,,,,,,,,,,,,AUTO_DETECT_MULTI,
107.75 - 108.0,107.88,RMH1,,,,,,,,,AUTO_DETECT_MULTI,,,,,,,,,,,AUTO_DETECT_MULTI,,
109.25 - 109.5,109.38,RA3,,,,,,,,AUTO_DETECT_MULTI,,AUTO_DETECT_MULTI,,,,,,,,,,AUTO_DETECT_MULTI,AUTO_DETECT_MULTI,AUTO_DETECT_MULTI
109.5 - 109.75,109.62,RMH3-RMH4,,,,,,,,,,,,,,,,,,,,,,AUTO_DETECT_MULTI
109.75 - 110.0,109.88,RA1,,,,,,,AUTO_DETECT_MULTI,,,,,,,,,,,,,,,
119.0 - 119.25,119.12,RA1,,,,,,,AUTO_DETECT_MULTI,,,,,,,,,,,,,,,
119.25 - 119.5,119.38,RA1,,,,,,,AUTO_DETECT_MULTI,,,,,,,,,,,AUTO_DETECT_MULTI,AUTO_DETECT_MULTI,AUTO_DETECT_MULTI,,
119.5 - 119.75,119.62,RA1,,,,,,,AUTO_DETECT_MULTI,AUTO_DETECT_MULTI,AUTO_DETECT_MULTI,AUTO_DETECT_MULTI,AUTO_DETECT_MULTI,AUTO_DETECT_MULTI,AUTO_DETECT_MULTI,AUTO_DETECT_MULTI,,,AUTO_DETECT_MULTI,AUTO_DETECT_MULTI,AUTO_DETECT_MULTI,AUTO_DETECT_MULTI,AUTO_DETECT_MULTI,AUTO_DETECT_MULTI
120.0 - 120.25,120.12,RMH2,,,,,,,,,,AUTO_DETECT_MULTI,AUTO_DETECT_MULTI,,,,,,,,,AUTO_DETECT_MULTI,,
122.25 - 122.5,122.38,RMH2,,,,,,,,,,AUTO_DETECT_MULTI,,,,,,,,,,,,
123.0 - 123.25,123.12,RMH2,,,,,,,,,,AUTO_DETECT_MULTI,AUTO_DETECT_MULTI,,,,,,,,,,,
123.25 - 123.5,123.38,RA1,,,,,,,AUTO_DETECT_MULTI,AUTO_DETECT_MULTI,,,,AUTO_DETECT_MULTI,,,,,,,AUTO_DETECT_MULTI,,,
124.0 - 124.25,124.12,RMH3,,,,,,,,,,,AUTO_DETECT_MULTI,,,,,,,,,,,AUTO_DETECT_MULTI
124.5 - 124.75,124.62,RA1,,,,,,,AUTO_DETECT_MULTI,AUTO_DETECT_MULTI,AUTO_DETECT_MULTI,AUTO_DETECT_MULTI,AUTO_DETECT_MULTI,AUTO_DETECT_MULTI,AUTO_DETECT_MULTI,AUTO_DETECT_MULTI,,,AUTO_DETECT_MULTI,AUTO_DETECT_MULTI,AUTO_DETECT_MULTI,AUTO_DETECT_MULTI,AUTO_DETECT_MULTI,AUTO_DETECT_MULTI
124.75 - 125.0,124.88,RMH1,,,,,,,,,AUTO_DETECT_MULTI,AUTO_DETECT_MULTI,AUTO_DETECT_MULTI,AUTO_DETECT_MULTI,AUTO_DETECT_MULTI,AUTO_DETECT_MULTI,AUTO_DETECT_MULTI,,AUTO_DETECT_MULTI,AUTO_DETECT_MULTI,,AUTO_DETECT_MULTI,AUTO_DETECT_MULTI,
125.25 - 125.5,125.38,RMH1,,,,,,,,,AUTO_DETECT_MULTI,,,,,,,,,,,AUTO_DETECT_MULTI,,
125.5 - 125.75,125.62,RA3,,,,,,,,AUTO_DETECT_MULTI,AUTO_DETECT_MULTI,AUTO_DETECT_MULTI,,AUTO_DETECT_MULTI,AUTO_DETECT_MULTI,AUTO_DETECT_MULTI,,,AUTO_DETECT_MULTI,,AUTO_DETECT_MULTI,AUTO_DETECT_MULTI,AUTO_DETECT_MULTI,
125.75 - 126.0,125.88,RMH1,,,,,,,,,AUTO_DETECT_MULTI,AUTO_DETECT_MULTI,AUTO_DETECT_MULTI,AUTO_DETECT_MULTI,AUTO_DETECT_MULTI,AUTO_DETECT_MULTI,,AUTO_DETECT_MULTI,AUTO_DETECT_MULTI,,,AUTO_DETECT_MULTI,,AUTO_DETECT_MULTI
126.0 - 126.25,126.12,RMH2,,,,,,,,,,AUTO_DETECT_MULTI,,,,,,,,,,,,
126.25 - 126.5,126.38,RMH2,,,,,,,,,,AUTO_DETECT_MULTI,AUTO_DETECT_MULTI,,,,,,,,,,,
128.0 - 128.25,128.12,RMH3-RMH4,,,,,,,,,,,,,,,,,,,,,,AUTO_DETECT_MULTI
129.5 - 129.75,129.62,LA2,,AUTO_DETECT_MULTI,AUTO_DETECT_MULTI,,AUTO_DETECT_MULTI,AUTO_DETECT_MULTI,AUTO_DETECT_MULTI,AUTO_DETECT_MULTI,AUTO_DETECT_MULTI,AUTO_DETECT_MULTI,AUTO_DETECT_MULTI,AUTO_DETECT_MULTI,AUTO_DETECT_MULTI,AUTO_DETECT_MULTI,,,AUTO_DETECT_MULTI,AUTO_DETECT_MULTI,AUTO_DETECT_MULTI,AUTO_DETECT_MULTI,AUTO_DETECT_MULTI,AUTO_DETECT_MULTI
131.0 - 131.25,131.12,RA1,,,,,,,AUTO_DETECT_MULTI,AUTO_DETECT_MULTI,AUTO_DETECT_MULTI,,,,,,,,,AUTO_DETECT_MULTI,AUTO_DETECT_MULTI,,,
131.25 - 131.5,131.38,RMH2,,,,,,,,,,AUTO_DETECT_MULTI,,,,,,,,,,,,
132.25 - 132.5,132.38,LMH1,,,,AUTO_DETECT_MULTI,,,AUTO_DETECT_MULTI,AUTO_DETECT_MULTI,,,,,,,,,,,AUTO_DETECT_MULTI,,,
134.5 - 134.75,134.62,RA3,,,,,,,,AUTO_DETECT_MULTI,AUTO_DETECT_MULTI,AUTO_DETECT_MULTI,,,,,,,,,,,,
134.75 - 135.0,134.88,LMH3,,,,,,AUTO_DETECT_MULTI,,,,,,,,,,,AUTO_DETECT_MULTI,,,,,
135.0 - 135.25,135.12,LMH2,,,,,AUTO_DETECT_MULTI,,AUTO_DETECT_MULTI,AUTO_DETECT_MULTI,,,,,,AUTO_DETECT_MULTI,,,AUTO_DETECT_MULTI,,AUTO_DETECT_MULTI,,,AUTO_DETECT_MULTI
136.25 - 136.5,136.38,RMH2,,,,,,,,,,AUTO_DETECT_MULTI,,,,,,,,,,,,
137.0 - 137.25,137.12,LMH3,,,,,,AUTO_DETECT_MULTI,,,,,,,,,,,AUTO_DETECT_MULTI,,,AUTO_DETECT_MULTI,,
137.75 - 138.0,137.88,LMH1,,,,AUTO_DETECT_MULTI,,,,,,,,,,,,,,,,,,
138.5 - 138.75,138.62,RMH2,,,,,,,,,,AUTO_DETECT_MULTI,,,,,,,,,,,,
141.0 - 141.25,141.12,RA1,,,,,,,AUTO_DETECT_MULTI,AUTO_DETECT_MULTI,AUTO_DETECT_MULTI,,,,,,,,,,AUTO_DETECT_MULTI,AUTO_DETECT_MULTI,,
141.25 - 141.5,141.38,LA1,AUTO_DETECT_MULTI,AUTO_DETECT_MULTI,AUTO_DETECT_MULTI,,,AUTO_DETECT_MULTI,AUTO_DETECT_MULTI,AUTO_DETECT_MULTI,AUTO_DETECT_MULTI,AUTO_DETECT_MULTI,AUTO_DETECT_MULTI,AUTO_DETECT_MULTI,AUTO_DETECT_MULTI,AUTO_DETECT_MULTI,,,AUTO_DETECT_MULTI,AUTO_DETECT_MULTI,AUTO_DETECT_MULTI,AUTO_DETECT_MULTI,AUTO_DETECT_MULTI,AUTO_DETECT_MULTI
141.5 - 141.75,141.62,RA1,,,,,,,AUTO_DETECT_MULTI,,,,,,,,,,,,,,,
141.75 - 142.0,141.88,RA1,,,,,,,AUTO_DETECT_MULTI,,AUTO_DETECT_MULTI,AUTO_DETECT_MULTI,,,,,,,,AUTO_DETECT_MULTI,,,AUTO_DETECT_MULTI,
142.25 - 142.5,142.38,RA1-RA3,,,,,,,,,,,,,,,,,,AUTO_DETECT_MULTI,,,,
142.5 - 142.75,142.62,LA1,AUTO_DETECT_MULTI,AUTO_DETECT_MULTI,,,,,,,,,,,,,,,,,,,,
143.25 - 143.5,143.38,LA3,,,AUTO_DETECT_MULTI,AUTO_DETECT_MULTI,AUTO_DETECT_MULTI,AUTO_DETECT_MULTI,AUTO_DETECT_MULTI,AUTO_DETECT_MULTI,AUTO_DETECT_MULTI,AUTO_DETECT_MULTI,,,AUTO_DETECT_MULTI,AUTO_DETECT_MULTI,,AUTO_DETECT_MULTI,AUTO_DETECT_MULTI,AUTO_DETECT_MULTI,AUTO_DETECT_MULTI,AUTO_DETECT_MULTI,AUTO_DETECT_MULTI,AUTO_DETECT_MULTI
143.5 - 143.75,143.62,RMH2,,,,,,,,,,AUTO_DETECT_MULTI,,,,,,,,,,,,
144.0 - 144.25,144.12,LMH3-LMH4,,,,,,,,,,,,,,,,,AUTO_DETECT_MULTI,,,,,
144.25 - 144.5,144.38,LMH3,,,,,,AUTO_DETECT_MULTI,,,,,,,,,,,AUTO_DETECT_MULTI,,,,,
144.5 - 144.75,144.62,LMH3,,,,,,AUTO_DETECT_MULTI,,,,,,,,,,,AUTO_DETECT_MULTI,,,,,AUTO_DETECT_MULTI
144.75 - 145.0,144.88,LA2-LA3,,,,,,,,,,,,,AUTO_DETECT_MULTI,AUTO_DETECT_MULTI,,,AUTO_DETECT_MULTI,,,,,
145.0 - 145.25,145.12,RMH2,,,,,,,,,,AUTO_DETECT_MULTI,,,,,,,,,,,,
145.5 - 145.75,145.62,LMH3,,,,,,AUTO_DETECT_MULTI,AUTO_DETECT_MULTI,AUTO_DETECT_MULTI,AUTO_DETECT_MULTI,AUTO_DETECT_MULTI,,,,,,,,AUTO_DETECT_MULTI,AUTO_DETECT_MULTI,AUTO_DETECT_MULTI,AUTO_DETECT_MULTI,AUTO_DETECT_MULTI
145.75 - 146.0,145.88,LMH2,,,,,AUTO_DETECT_MULTI,AUTO_DETECT_MULTI,,,AUTO_DETECT_MULTI,AUTO_DETECT_MULTI,,,AUTO_DETECT_MULTI,AUTO_DETECT_MULTI,,AUTO_DETECT_MULTI,AUTO_DETECT_MULTI,,,AUTO_DETECT_MULTI,AUTO_DETECT_MULTI,
146.0 - 146.25,146.12,RMH2,,,,,,,,,,AUTO_DETECT_MULTI,AUTO_DETECT_MULTI,,,,,,,,,,,
147.0 - 147.25,147.12,RA3,,,,,,,,AUTO_DETECT_MULTI,AUTO_DETECT_MULTI,,,,,,,,,,AUTO_DETECT_MULTI,AUTO_DETECT_MULTI,,
147.75 - 148.0,147.88,LA1,AUTO_DETECT_MULTI,,,AUTO_DETECT_MULTI,AUTO_DETECT_MULTI,AUTO_DETECT_MULTI,AUTO_DETECT_MULTI,AUTO_DETECT_MULTI,,,,AUTO_DETECT_MULTI,AUTO_DETECT_MULTI,AUTO_DETECT_MULTI,,AUTO_DETECT_MULTI,AUTO_DETECT_MULTI,AUTO_DETECT_MULTI,AUTO_DETECT_MULTI,AUTO_DETECT_MULTI,AUTO_DETECT_MULTI,AUTO_DETECT_MULTI
148.0 - 148.25,148.12,LA1,AUTO_DETECT_MULTI,AUTO_DETECT_MULTI,AUTO_DETECT_MULTI,AUTO_DETECT_MULTI,AUTO_DETECT_MULTI,AUTO_DETECT_MULTI,AUTO_DETECT_MULTI,AUTO_DETECT_MULTI,AUTO_DETECT_MULTI,AUTO_DETECT_MULTI,AUTO_DETECT_MULTI,AUTO_DETECT_MULTI,AUTO_DETECT_MULTI,AUTO_DETECT_MULTI,AUTO_DETECT_MULTI,AUTO_DETECT_MULTI,AUTO_DETECT_MULTI,AUTO_DETECT_MULTI,AUTO_DETECT_MULTI,AUTO_DETECT_MULTI,AUTO_DETECT_MULTI,AUTO_DETECT_MULTI
149.0 - 149.25,149.12,LMH2,,,,,AUTO_DETECT_MULTI,,,,,,,,,,,,,,,,,
149.5 - 149.75,149.62,RMH2,,,,,,,,,,AUTO_DETECT_MULTI,,,,,,,,,,,,
150.25 - 150.5,150.38,RA1,,,,,,,AUTO_DETECT_MULTI,AUTO_DETECT_MULTI,AUTO_DETECT_MULTI,,,,,,,,,AUTO_DETECT_MULTI,AUTO_DETECT_MULTI,AUTO_DETECT_MULTI,AUTO_DETECT_MULTI,
150.75 - 151.0,150.88,LA1,AUTO_DETECT_MULTI,,,,,,,,,,,,,,,,,,,,,
151.0 - 151.25,151.12,RA3,,,,,,,,AUTO_DETECT_MULTI,,,,,,,,,,,,,,
152.5 - 152.75,152.62,LMH3,,,,,,AUTO_DETECT_MULTI,,,,,,,,,,,,,,,,
153.75 - 154.0,153.88,LA2,,AUTO_DETECT_MULTI,AUTO_DETECT_MULTI,,AUTO_DETECT_MULTI,AUTO_DETECT_MULTI,AUTO_DETECT_MULTI,AUTO_DETECT_MULTI,AUTO_DETECT_MULTI,AUTO_DETECT_MULTI,AUTO_DETECT_MULTI,,,,,,,AUTO_DETECT_MULTI,AUTO_DETECT_MULTI,,AUTO_DETECT_MULTI,AUTO_DETECT_MULTI
154.0 - 154.25,154.12,RMH2-RMH3,,,,,,,,,,,,,,,,,,,,,AUTO_DETECT_MULTI,
154.75 - 155.0,154.88,RMH1,,,,,,,,,AUTO_DETECT_MULTI,,,,,,,,,,,AUTO_DETECT_MULTI,,
155.0 - 155.25,155.12,LMH3,,,,,,AUTO_DETECT_MULTI,,,,AUTO_DETECT_MULTI,AUTO_DETECT_MULTI,,,,,,,,,AUTO_DETECT_MULTI,,
155.25 - 155.5,155.38,LMH2,,,,,AUTO_DETECT_MULTI,AUTO_DETECT_MULTI,AUTO_DETECT_MULTI,AUTO_DETECT_MULTI,AUTO_DETECT_MULTI,AUTO_DETECT_MULTI,AUTO_DETECT_MULTI,AUTO_DETECT_MULTI,AUTO_DETECT_MULTI,AUTO_DETECT_MULTI,AUTO_DETECT_MULTI,AUTO_DETECT_MULTI,AUTO_DETECT_MULTI,AUTO_DETECT_MULTI,AUTO_DETECT_MULTI,,AUTO_DETECT_MULTI,AUTO_DETECT_MULTI
155.5 - 155.75,155.62,LA3,,,AUTO_DETECT_MULTI,,,,,,,,AUTO_DETECT_MULTI,,AUTO_DETECT_MULTI,AUTO_DETECT_MULTI,,,,,,,,AUTO_DETECT_MULTI
157.25 - 157.5,157.38,RA1,,,,,,,AUTO_DETECT_MULTI,AUTO_DETECT_MULTI,AUTO_DETECT_MULTI,,,,,,,,,AUTO_DETECT_MULTI,AUTO_DETECT_MULTI,,,
157.75 - 158.0,157.88,RA1,,,,,,,AUTO_DETECT_MULTI,,,,,,,,,,,,,,,
159.25 - 159.5,159.38,RA3,,,,,,,,AUTO_DETECT_MULTI,AUTO_DETECT_MULTI,AUTO_DETECT_MULTI,,,,,,,,,AUTO_DETECT_MULTI,AUTO_DETECT_MULTI,AUTO_DETECT_MULTI,
162.25 - 162.5,162.38,RMH3,,,,,,,,,,,AUTO_DETECT_MULTI,AUTO_DETECT_MULTI,,,,,,,,,,AUTO_DETECT_MULTI
162.5 - 162.75,162.62,RA1,,,,,,,AUTO_DETECT_MULTI,AUTO_DETECT_MULTI,,,,,,,AUTO_DETECT_MULTI,,AUTO_DETECT_MULTI,,AUTO_DETECT_MULTI,AUTO_DETECT_MULTI,,AUTO_DETECT_MULTI
162.75 - 163.0,162.88,LA2-LA3,,,,,,,,,,,,,AUTO_DETECT_MULTI,,,,,,,,,
163.25 - 163.5,163.38,LMH3,,,,,,AUTO_DETECT_MULTI,,,,,,,,,AUTO_DETECT_MULTI,,,,,,,
167.5 - 167.75,167.62,RA1,,,,,,,AUTO_DETECT_MULTI,AUTO_DETECT_MULTI,AUTO_DETECT_MULTI,AUTO_DETECT_MULTI,AUTO_DETECT_MULTI,,,,,,,AUTO_DETECT_MULTI,AUTO_DETECT_MULTI,AUTO_DETECT_MULTI,AUTO_DETECT_MULTI,AUTO_DETECT_MULTI
168.25 - 168.5,168.38,RA1,,,,,,,AUTO_DETECT_MULTI,AUTO_DETECT_MULTI,,,,,,,,,,AUTO_DETECT_MULTI,AUTO_DETECT_MULTI,,,
170.25 - 170.5,170.38,LA2,,AUTO_DETECT_MULTI,AUTO_DETECT_MULTI,AUTO_DETECT_MULTI,AUTO_DETECT_MULTI,AUTO_DETECT_MULTI,AUTO_DETECT_MULTI,AUTO_DETECT_MULTI,AUTO_DETECT_MULTI,AUTO_DETECT_MULTI,AUTO_DETECT_MULTI,AUTO_DETECT_MULTI,AUTO_DETECT_MULTI,AUTO_DETECT_MULTI,AUTO_DETECT_MULTI,,AUTO_DETECT_MULTI,AUTO_DETECT_MULTI,AUTO_DETECT_MULTI,AUTO_DETECT_MULTI,AUTO_DETECT_MULTI,AUTO_DETECT_MULTI
170.5 - 170.75,170.62,RMH2,,,,,,,,,,AUTO_DETECT_MULTI,,,,,,,,AUTO_DETECT_MULTI,,AUTO_DETECT_MULTI,,
171.0 - 171.25,171.12,LMH3,,,,,,AUTO_DETECT_MULTI,,,,,,,,,,,AUTO_DETECT_MULTI,,,,,
171.25 - 171.5,171.38,LA2,,AUTO_DETECT_MULTI,AUTO_DETECT_MULTI,,,AUTO_DETECT_MULTI,,AUTO_DETECT_MULTI,,AUTO_DETECT_MULTI,AUTO_DETECT_MULTI,,AUTO_DETECT_MULTI,AUTO_DETECT_MULTI,,,AUTO_DETECT_MULTI,AUTO_DETECT_MULTI,AUTO_DETECT_MULTI,,,AUTO_DETECT_MULTI
171.5 - 171.75,171.62,LA3,,,AUTO_DETECT_MULTI,,,AUTO_DETECT_MULTI,,AUTO_DETECT_MULTI,,,AUTO_DETECT_MULTI,,AUTO_DETECT_MULTI,AUTO_DETECT_MULTI,,,AUTO_DETECT_MULTI,AUTO_DETECT_MULTI,AUTO_DETECT_MULTI,,,AUTO_DETECT_MULTI
172.0 - 172.25,172.12,RMH3-RMH4,,,,,,,,,,,,,,,,,,,,,,AUTO_DETECT_MULTI
172.25 - 172.5,172.38,LMH3-LMH4,,,,,,,,,,,,,,,,,AUTO_DETECT_MULTI,,,,,
172.5 - 172.75,172.62,LMH1,,,,AUTO_DETECT_MULTI,AUTO_DETECT_MULTI,,,,AUTO_DETECT_MULTI,AUTO_DETECT_MULTI,AUTO_DETECT_MULTI,AUTO_DETECT_MULTI,AUTO_DETECT_MULTI,AUTO_DETECT_MULTI,,,AUTO_DETECT_MULTI,,,AUTO_DETECT_MULTI,AUTO_DETECT_MULTI,
172.75 - 173.0,172.88,LA3,,,AUTO_DETECT_MULTI,,,AUTO_DETECT_MULTI,,AUTO_DETECT_MULTI,AUTO_DETECT_MULTI,AUTO_DETECT_MULTI,AUTO_DETECT_MULTI,,,,,,,,AUTO_DETECT_MULTI,AUTO_DETECT_MULTI,,
173.0 - 173.25,173.12,RMH1,,,,,,,,,AUTO_DETECT_MULTI,AUTO_DETECT_MULTI,,,AUTO_DETECT_MULTI,,,,,,,AUTO_DETECT_MULTI,,
173.25 - 173.5,173.38,RA1,,,,,,,AUTO_DETECT_MULTI,AUTO_DETECT_MULTI,AUTO_DETECT_MULTI,AUTO_DETECT_MULTI,AUTO_DETECT_MULTI,AUTO_DETECT_MULTI,AUTO_DETECT_MULTI,AUTO_DETECT_MULTI,,,,,AUTO_DETECT_MULTI,AUTO_DETECT_MULTI,AUTO_DETECT_MULTI,AUTO_DETECT_MULTI
174.0 - 174.25,174.12,RMH3,,,,,,,,,,,AUTO_DETECT_MULTI,,,,,,,,,,,
174.25 - 174.5,174.38,LA1,AUTO_DETECT_MULTI,AUTO_DETECT_MULTI,AUTO_DETECT_MULTI,AUTO_DETECT_MULTI,AUTO_DETECT_MULTI,AUTO_DETECT_MULTI,AUTO_DETECT_MULTI,AUTO_DETECT_MULTI,AUTO_DETECT_MULTI,AUTO_DETECT_MULTI,AUTO_DETECT_MULTI,AUTO_DETECT_MULTI,AUTO_DETECT_MULTI,AUTO_DETECT_MULTI,AUTO_DETECT_MULTI,AUTO_DETECT_MULTI,AUTO_DETECT_MULTI,AUTO_DETECT_MULTI,AUTO_DETECT_MULTI,AUTO_DETECT_MULTI,AUTO_DETECT_MULTI,AUTO_DETECT_MULTI
174.5 - 174.75,174.62,RMH3,,,,,,,,,,,AUTO_DETECT_MULTI,,,,,,,,,,,
174.75 - 175.0,174.88,LA2,,AUTO_DETECT_MULTI,AUTO_DETECT_MULTI,,,AUTO_DETECT_MULTI,,,AUTO_DETECT_MULTI,AUTO_DETECT_MULTI,AUTO_DETECT_MULTI,,AUTO_DETECT_MULTI,AUTO_DETECT_MULTI,,,,,,AUTO_DETECT_MULTI,,AUTO_DETECT_MULTI
175.75 - 176.0,175.88,LA1,AUTO_DETECT_MULTI,AUTO_DETECT_MULTI,AUTO_DETECT_MULTI,AUTO_DETECT_MULTI,AUTO_DETECT_MULTI,AUTO_DETECT_MULTI,AUTO_DETECT_MULTI,AUTO_DETECT_MULTI,AUTO_DETECT_MULTI,AUTO_DETECT_MULTI,AUTO_DETECT_MULTI,AUTO_DETECT_MULTI,AUTO_DETECT_MULTI,AUTO_DETECT_MULTI,AUTO_DETECT_MULTI,AUTO_DETECT_MULTI,AUTO_DETECT_MULTI,AUTO_DETECT_MULTI,AUTO_DETECT_MULTI,AUTO_DETECT_MULTI,AUTO_DETECT_MULTI,AUTO_DETECT_MULTI
176.75 - 177.0,176.88,LA1,AUTO_DETECT_MULTI,AUTO_DETECT_MULTI,AUTO_DETECT_MULTI,,,,,,,,,AUTO_DETECT_MULTI,AUTO_DETECT_MULTI,,,,,,,,,
177.0 - 177.25,177.12,LA3,,,AUTO_DETECT_MULTI,,AUTO_DETECT_MULTI,,,,,,,,,,,,,,,,,
177.25 - 177.5,177.38,RMH3,,,,,,,,,,,AUTO_DETECT_MULTI,,,,,,,,,,,AUTO_DETECT_MULTI
177.5 - 177.75,177.62,LA2,,AUTO_DETECT_MULTI,,AUTO_DETECT_MULTI,AUTO_DETECT_MULTI,,,,AUTO_DETECT_MULTI,,,AUTO_DETECT_MULTI,,,,AUTO_DETECT_MULTI,,AUTO_DETECT_MULTI,,AUTO_DETECT_MULTI,AUTO_DETECT_MULTI,AUTO_DETECT_MULTI
177.75 - 178.0,177.88,RA1,,,,,,,AUTO_DETECT_MULTI,AUTO_DETECT_MULTI,,,AUTO_DETECT_MULTI,,,,,,,,AUTO_DETECT_MULTI,,,AUTO_DETECT_MULTI
178.0 - 178.25,178.12,RMH1,,,,,,,,,AUTO_DETECT_MULTI,,,,,,,,,,,,,
179.0 - 179.25,179.12,LA1,AUTO_DETECT_MULTI,AUTO_DETECT_MULTI,AUTO_DETECT_MULTI,AUTO_DETECT_MULTI,AUTO_DETECT_MULTI,,,,,,,AUTO_DETECT_MULTI,AUTO_DETECT_MULTI,,AUTO_DETECT_MULTI,AUTO_DETECT_MULTI,AUTO_DETECT_MULTI,,,,,AUTO_DETECT_MULTI
179.75 - 180.0,179.88,RA1,,,,,,,AUTO_DETECT_MULTI,,,,,,,,,,,,,,,AUTO_DETECT_MULTI
